,ID,type,AP,DV,ML,R,parent,area_ID,area_name,name_use,bratch_ID,side,terminal
0,1,1,6567.18,5928.46,2721.6,2.70703125,-1,303,BLAa,BLA,1,left,0
25,26,3,6567.32,5928.88,2721.52,0.32421875,1,303,BLAa,BLA,2,left,0
26,27,3,6568.24,5936.44,2720.26,5.30859375,26,303,BLAa,BLA,2,left,0
27,28,3,6568.46,5938.4,2719.54,4.984375,27,303,BLAa,BLA,2,left,0
28,29,3,6567.92,5938.92,2718.2,4.66015625,28,303,BLAa,BLA,2,left,0
29,30,3,6565.54,5939.12,2717.1,1.59765625,29,303,BLAa,BLA,2,left,0
30,31,3,6563.3,5939.6,2716.3,1.00390625,30,303,BLAa,BLA,2,left,0
31,32,3,6563.0,5941.68,2715.32,0.89453125,31,303,BLAa,BLA,2,left,0
32,33,3,6563.18,5944.08,2713.3,1.00390625,32,303,BLAa,BLA,2,left,0
33,34,3,6563.06,5944.86,2710.7,1.24609375,33,303,BLAa,BLA,2,left,0
34,35,3,6563.66,5945.82,2708.18,0.00390625,34,303,BLAa,BLA,2,left,0
35,36,3,6564.48,5948.22,2706.12,0.78515625,35,303,BLAa,BLA,2,left,0
36,37,3,6566.18,5949.52,2704.54,0.94921875,36,303,BLAa,BLA,2,left,0
37,38,3,6566.6,5950.58,2702.66,0.73046875,37,303,BLAa,BLA,2,left,0
38,39,3,6567.74,5950.96,2700.96,0.67578125,38,303,BLAa,BLA,2,left,0
39,40,3,6569.06,5951.5,2700.64,1.0546875,39,303,BLAa,BLA,2,left,0
40,41,3,6571.86,5951.88,2700.74,0.89453125,40,303,BLAa,BLA,2,left,0
41,42,3,6573.3,5952.7,2700.68,0.703125,41,303,BLAa,BLA,2,left,0
42,43,3,6565.2,5928.28,2721.5,0.21484375,1,303,BLAa,BLA,3,left,0
43,44,3,6563.18,5928.22,2722.3,3.16796875,43,303,BLAa,BLA,3,left,0
44,45,3,6562.94,5928.04,2724.6,2.51953125,44,303,BLAa,BLA,3,left,0
45,46,3,6563.54,5932.14,2724.5,3.27734375,45,303,BLAa,BLA,3,left,0
46,47,3,6563.58,5933.62,2724.58,3.140625,46,303,BLAa,BLA,3,left,0
47,48,3,6562.22,5933.76,2725.26,2.4921875,47,303,BLAa,BLA,3,left,0
48,49,3,6560.64,5933.6,2726.8,1.734375,48,303,BLAa,BLA,3,left,0
49,50,3,6560.42,5933.46,2728.02,1.1640625,49,303,BLAa,BLA,3,left,0
50,51,3,6559.1,5933.36,2729.14,0.9765625,50,303,BLAa,BLA,3,left,0
51,52,3,6557.24,5933.28,2730.06,1.328125,51,303,BLAa,BLA,3,left,0
52,53,3,6555.74,5933.3,2730.22,1.24609375,52,303,BLAa,BLA,3,left,0
53,54,3,6567.32,5928.88,2721.52,0.32421875,1,303,BLAa,BLA,4,left,0
54,55,3,6568.0,5934.56,2720.66,5.76953125,54,303,BLAa,BLA,4,left,0
55,56,3,6567.98,5935.98,2720.98,5.0390625,55,303,BLAa,BLA,4,left,0
56,57,3,6565.68,5936.1,2721.64,3.4140625,56,303,BLAa,BLA,4,left,0
57,58,3,6564.18,5935.98,2722.9,3.11328125,57,303,BLAa,BLA,4,left,0
58,59,3,6564.06,5936.58,2724.22,2.81640625,58,303,BLAa,BLA,4,left,0
59,60,3,6563.26,5938.78,2724.1,1.59765625,59,303,BLAa,BLA,4,left,0
60,61,3,6562.64,5941.7,2723.54,0.62109375,60,303,BLAa,BLA,4,left,0
61,62,3,6561.78,5942.76,2723.3,0.3515625,61,303,BLAa,BLA,4,left,0
62,63,3,6559.94,5942.88,2723.18,1.1640625,62,303,BLAa,BLA,4,left,0
63,64,3,6558.56,5943.54,2722.98,1.02734375,63,303,BLAa,BLA,4,left,0
64,65,3,6558.6,5944.9,2722.74,1.6796875,64,303,BLAa,BLA,4,left,0
65,66,3,6569.62,5928.12,2721.8,0.1484375,1,303,BLAa,BLA,5,left,0
66,67,3,6571.38,5927.78,2721.98,6.2578125,66,303,BLAa,BLA,5,left,0
67,68,3,6571.06,5923.1,2722.78,5.390625,67,303,BLAa,BLA,5,left,0
68,69,3,6571.38,5920.64,2723.22,3.25,68,303,BLAa,BLA,5,left,0
69,70,3,6571.42,5918.68,2722.82,1.5703125,69,303,BLAa,BLA,5,left,0
70,71,3,6571.54,5918.86,2720.7,2.57421875,70,303,BLAa,BLA,5,left,0
71,72,3,6573.14,5918.94,2719.72,2.8984375,71,303,BLAa,BLA,5,left,0
72,73,3,6574.26,5919.26,2716.52,3.22265625,72,303,BLAa,BLA,5,left,0
73,74,3,6574.1,5918.9,2715.24,0.703125,73,303,BLAa,BLA,5,left,0
74,75,3,6573.24,5912.78,2715.64,1.8671875,74,303,BLAa,BLA,5,left,0
75,76,3,6573.04,5911.32,2715.88,1.7890625,75,303,BLAa,BLA,5,left,0
76,77,3,6568.06,5928.78,2722.4,0.0546875,1,303,BLAa,BLA,6,left,0
77,78,3,6570.58,5929.64,2722.72,5.66015625,77,303,BLAa,BLA,6,left,0
78,79,3,6573.82,5944.12,2720.4,1.65234375,78,303,BLAa,BLA,6,left,0
79,80,3,6574.02,5945.6,2720.16,1.19140625,79,303,BLAa,BLA,6,left,0
80,81,3,6567.32,5928.88,2721.52,0.32421875,1,303,BLAa,BLA,7,left,0
81,82,3,6568.7,5940.08,2719.54,2.35546875,81,303,BLAa,BLA,7,left,0
82,83,3,6568.9,5942.06,2718.38,0.703125,82,303,BLAa,BLA,7,left,0
83,84,3,6570.58,5942.08,2718.58,0.01953125,83,303,BLAa,BLA,7,left,0
84,85,3,6571.28,5943.6,2717.68,0.703125,84,303,BLAa,BLA,7,left,0
85,86,3,6570.24,5945.8,2716.9,0.62109375,85,303,BLAa,BLA,7,left,0
94,95,3,6573.0,5950.96,2699.66,0.00390625,42,303,BLAa,BLA,10,left,0
95,96,3,6574.56,5950.24,2698.1,0.40625,95,303,BLAa,BLA,10,left,0
96,97,3,6575.7,5948.76,2697.72,0.5703125,96,303,BLAa,BLA,10,left,0
97,98,3,6576.94,5947.7,2696.6,0.73046875,97,303,BLAa,BLA,10,left,0
98,99,3,6577.82,5947.92,2694.64,0.78515625,98,303,BLAa,BLA,10,left,0
99,100,3,6579.44,5947.96,2693.88,0.37890625,99,303,BLAa,BLA,10,left,1
100,101,3,6574.66,5954.84,2700.32,0.01171875,42,303,BLAa,BLA,11,left,0
101,102,3,6575.04,5957.52,2699.2,0.8671875,101,303,BLAa,BLA,11,left,0
102,103,3,6574.88,5959.4,2694.1,0.67578125,102,303,BLAa,BLA,11,left,0
103,104,3,6575.08,5959.96,2692.16,0.73046875,103,303,BLAa,BLA,11,left,0
104,105,3,6575.74,5960.92,2690.24,0.59765625,104,303,BLAa,BLA,11,left,0
105,106,3,6576.1,5962.92,2686.94,0.7578125,105,303,BLAa,BLA,11,left,0
106,107,3,6577.22,5963.62,2685.54,0.6484375,106,303,BLAa,BLA,11,left,0
107,108,3,6578.2,5965.52,2683.6,0.48828125,107,303,BLAa,BLA,11,left,0
108,109,3,6578.36,5967.58,2682.04,0.59765625,108,303,BLAa,BLA,11,left,0
109,110,3,6578.46,5969.56,2679.68,0.515625,109,303,BLAa,BLA,11,left,0
110,111,3,6578.42,5971.22,2676.42,0.6484375,110,303,BLAa,BLA,11,left,0
111,112,3,6578.88,5972.06,2674.68,0.2421875,111,303,BLAa,BLA,11,left,0
112,113,3,6580.88,5972.14,2672.8,0.296875,112,303,BLAa,BLA,11,left,0
113,114,3,6582.1,5971.74,2671.54,0.3515625,113,303,BLAa,BLA,11,left,0
114,115,3,6583.36,5971.12,2670.58,0.43359375,114,303,BLAa,BLA,11,left,0
115,116,3,6584.22,5971.64,2668.78,0.00390625,115,303,BLAa,BLA,11,left,0
116,117,3,6586.2,5972.7,2667.92,0.40625,116,303,BLAa,BLA,11,left,0
117,118,3,6588.56,5973.68,2667.36,0.48828125,117,303,BLAa,BLA,11,left,0
118,119,3,6591.04,5974.34,2667.12,0.48828125,118,303,BLAa,BLA,11,left,0
119,120,3,6591.8,5975.88,2666.02,0.54296875,119,303,BLAa,BLA,11,left,0
120,121,3,6593.64,5977.14,2664.98,0.2421875,120,303,BLAa,BLA,11,left,0
121,122,3,6596.12,5977.22,2664.32,0.43359375,121,303,BLAa,BLA,11,left,0
122,123,3,6597.48,5976.9,2664.16,0.2421875,122,303,BLAa,BLA,11,left,0
123,124,3,6599.6,5976.7,2663.72,0.54296875,123,303,BLAa,BLA,11,left,0
124,125,3,6603.28,5976.58,2663.48,0.40625,124,303,BLAa,BLA,11,left,0
125,126,3,6605.42,5976.46,2663.62,0.32421875,125,303,BLAa,BLA,11,left,1
126,127,3,6554.28,5933.12,2732.0,0.00390625,53,303,BLAa,BLA,12,left,0
127,128,3,6553.46,5932.82,2734.54,0.6484375,127,303,BLAa,BLA,12,left,0
128,129,3,6553.26,5932.68,2735.84,0.8125,128,303,BLAa,BLA,12,left,0
129,130,3,6551.96,5932.84,2736.26,0.40625,129,303,BLAa,BLA,12,left,0
130,131,3,6551.62,5933.84,2736.98,0.67578125,130,303,BLAa,BLA,12,left,0
131,132,3,6551.78,5933.8,2738.78,0.6484375,131,303,BLAa,BLA,12,left,0
132,133,3,6551.88,5933.2,2740.76,0.0078125,132,303,BLAa,BLA,12,left,0
133,134,3,6550.82,5932.56,2741.76,0.21484375,133,303,BLAa,BLA,12,left,0
134,135,3,6548.86,5932.52,2741.92,0.8125,134,303,BLAa,BLA,12,left,0
135,136,3,6547.6,5932.62,2743.48,0.59765625,135,303,BLAa,BLA,12,left,0
136,137,3,6547.42,5933.04,2745.66,0.515625,136,303,BLAa,BLA,12,left,0
137,138,3,6546.88,5933.66,2747.28,0.62109375,137,303,BLAa,BLA,12,left,0
138,139,3,6546.4,5935.06,2749.0,0.40625,138,303,BLAa,BLA,12,left,0
139,140,3,6546.22,5935.3,2751.34,0.00390625,139,303,BLAa,BLA,12,left,0
140,141,3,6544.98,5935.4,2752.38,1.00390625,140,303,BLAa,BLA,12,left,0
141,142,3,6544.7,5936.3,2753.88,0.6484375,141,303,BLAa,BLA,12,left,0
142,143,3,6544.92,5936.5,2755.84,0.4609375,142,303,BLAa,BLA,12,left,0
143,144,3,6545.26,5936.64,2759.28,0.59765625,143,303,BLAa,BLA,12,left,0
144,145,3,6545.52,5937.54,2760.58,0.5703125,144,303,BLAa,BLA,12,left,0
145,146,3,6545.88,5937.82,2763.62,0.515625,145,303,BLAa,BLA,12,left,0
146,147,3,6546.46,5937.42,2764.56,0.78515625,146,303,BLAa,BLA,12,left,0
147,148,3,6546.18,5938.52,2765.84,0.02734375,147,544,CEAc,CEA,12,left,0
148,149,3,6546.38,5940.38,2768.46,0.48828125,148,544,CEAc,CEA,12,left,0
149,150,3,6545.22,5940.98,2769.44,0.54296875,149,544,CEAc,CEA,12,left,0
150,151,3,6544.96,5941.76,2771.34,0.59765625,150,544,CEAc,CEA,12,left,0
151,152,3,6544.9,5943.72,2774.2,0.4609375,151,544,CEAc,CEA,12,left,0
152,153,3,6543.98,5944.76,2775.56,0.26953125,152,544,CEAc,CEA,12,left,0
153,154,3,6542.26,5946.52,2777.32,0.19140625,153,544,CEAc,CEA,12,left,0
154,155,3,6541.3,5946.52,2779.14,0.515625,154,544,CEAc,CEA,12,left,0
155,156,3,6539.82,5946.0,2781.2,0.59765625,155,544,CEAc,CEA,12,left,0
156,157,3,6538.2,5944.4,2783.66,0.1640625,156,544,CEAc,CEA,12,left,0
157,158,3,6537.26,5942.34,2785.52,0.3515625,157,544,CEAc,CEA,12,left,0
158,159,3,6536.1,5941.84,2786.26,0.296875,158,544,CEAc,CEA,12,left,0
159,160,3,6535.6,5941.6,2788.52,0.40625,159,544,CEAc,CEA,12,left,0
160,161,3,6535.18,5941.5,2789.8,0.37890625,160,544,CEAc,CEA,12,left,0
161,162,3,6533.92,5941.74,2790.44,0.3515625,161,544,CEAc,CEA,12,left,0
162,163,3,6533.12,5941.36,2792.0,0.73046875,162,544,CEAc,CEA,12,left,0
163,164,3,6531.84,5941.18,2792.72,0.73046875,163,544,CEAc,CEA,12,left,0
164,165,3,6530.76,5942.26,2793.76,0.32421875,164,544,CEAc,CEA,12,left,0
165,166,3,6528.82,5942.16,2794.44,0.54296875,165,544,CEAc,CEA,12,left,0
166,167,3,6528.14,5941.68,2796.06,0.40625,166,544,CEAc,CEA,12,left,0
167,168,3,6527.7,5940.74,2798.54,0.48828125,167,544,CEAc,CEA,12,left,0
168,169,3,6528.1,5940.02,2803.44,0.43359375,168,544,CEAc,CEA,12,left,0
169,170,3,6527.7,5939.84,2805.04,0.40625,169,544,CEAc,CEA,12,left,0
170,171,3,6526.38,5939.56,2806.58,0.515625,170,544,CEAc,CEA,12,left,0
171,172,3,6525.2,5938.48,2807.7,0.2421875,171,544,CEAc,CEA,12,left,0
172,173,3,6524.9,5936.94,2808.7,0.59765625,172,544,CEAc,CEA,12,left,1
173,174,3,6555.1,5931.12,2730.92,0.03125,53,303,BLAa,BLA,13,left,0
174,175,3,6554.94,5928.66,2733.1,0.59765625,174,303,BLAa,BLA,13,left,0
175,176,3,6555.1,5926.38,2734.96,0.43359375,175,303,BLAa,BLA,13,left,0
176,177,3,6556.4,5925.36,2735.42,0.8671875,176,303,BLAa,BLA,13,left,0
177,178,3,6558.38,5952.0,2721.68,0.54296875,65,303,BLAa,BLA,14,left,0
178,179,3,6556.9,5953.68,2721.78,0.703125,178,303,BLAa,BLA,14,left,0
179,180,3,6556.74,5945.56,2723.52,0.01953125,65,303,BLAa,BLA,15,left,0
180,181,3,6556.24,5946.62,2724.62,0.515625,180,303,BLAa,BLA,15,left,0
181,182,3,6554.46,5947.36,2726.08,0.7578125,181,303,BLAa,BLA,15,left,0
182,183,3,6552.2,5947.88,2727.9,0.40625,182,303,BLAa,BLA,15,left,0
183,184,3,6550.72,5948.22,2728.6,0.83984375,183,303,BLAa,BLA,15,left,0
184,185,3,6548.98,5948.28,2729.12,0.8125,184,303,BLAa,BLA,15,left,0
185,186,3,6546.26,5947.54,2730.04,0.01171875,185,303,BLAa,BLA,15,left,0
186,187,3,6544.74,5947.08,2731.44,0.3515625,186,303,BLAa,BLA,15,left,0
187,188,3,6573.0,5908.32,2715.64,1.08203125,76,303,BLAa,BLA,16,left,0
188,189,3,6574.26,5907.68,2715.38,0.78515625,188,303,BLAa,BLA,16,left,0
189,190,3,6574.48,5906.26,2715.4,0.67578125,189,303,BLAa,BLA,16,left,0
190,191,3,6572.9,5911.82,2713.5,0.06640625,76,303,BLAa,BLA,17,left,0
191,192,3,6573.08,5911.64,2712.0,0.5703125,191,303,BLAa,BLA,17,left,0
192,193,3,6574.28,5910.98,2710.84,0.5703125,192,303,BLAa,BLA,17,left,0
193,194,3,6574.84,5909.86,2709.28,0.3515625,193,303,BLAa,BLA,17,left,0
194,195,3,6576.04,5908.78,2708.16,0.67578125,194,303,BLAa,BLA,17,left,0
195,196,3,6576.34,5909.0,2707.64,0.11328125,195,303,BLAa,BLA,17,left,0
196,197,3,6576.0,5909.68,2701.96,0.296875,196,303,BLAa,BLA,17,left,0
197,198,3,6575.76,5909.6,2699.66,0.40625,197,303,BLAa,BLA,17,left,0
198,199,3,6575.38,5908.98,2696.7,0.48828125,198,303,BLAa,BLA,17,left,0
199,200,3,6574.74,5908.66,2695.6,0.6484375,199,303,BLAa,BLA,17,left,0
200,201,3,6573.9,5908.98,2692.46,0.48828125,200,303,BLAa,BLA,17,left,0
201,202,3,6573.72,5908.64,2691.02,0.296875,201,303,BLAa,BLA,17,left,0
202,203,3,6576.2,5945.56,2721.68,0.35546875,80,303,BLAa,BLA,18,left,0
203,204,3,6574.38,5947.02,2721.8,0.00390625,80,303,BLAa,BLA,19,left,0
204,205,3,6574.8,5949.26,2722.8,0.54296875,204,303,BLAa,BLA,19,left,0
205,206,3,6574.74,5951.72,2723.34,0.19140625,205,303,BLAa,BLA,19,left,0
206,207,3,6574.48,5953.42,2724.26,0.6484375,206,303,BLAa,BLA,19,left,0
207,208,3,6574.88,5954.92,2726.52,0.00390625,207,303,BLAa,BLA,19,left,0
208,209,3,6575.12,5955.84,2727.8,0.515625,208,303,BLAa,BLA,19,left,0
209,210,3,6575.38,5956.2,2730.06,0.5703125,209,303,BLAa,BLA,19,left,0
210,211,3,6575.34,5956.52,2732.52,0.67578125,210,303,BLAa,BLA,19,left,0
211,212,3,6574.74,5956.34,2733.98,0.5703125,211,303,BLAa,BLA,19,left,0
212,213,3,6575.06,5959.12,2733.96,0.00390625,212,303,BLAa,BLA,19,left,0
213,214,3,6567.64,5947.22,2716.78,0.32421875,86,303,BLAa,BLA,20,left,0
214,215,3,6565.52,5948.98,2716.4,0.703125,214,303,BLAa,BLA,20,left,0
215,216,3,6564.74,5951.06,2715.96,0.43359375,215,303,BLAa,BLA,20,left,0
216,217,3,6563.46,5952.48,2715.22,0.54296875,216,303,BLAa,BLA,20,left,0
217,218,3,6561.74,5953.6,2714.46,0.48828125,217,303,BLAa,BLA,20,left,0
218,219,3,6561.5,5955.28,2713.06,0.32421875,218,303,BLAa,BLA,20,left,0
219,220,3,6561.54,5957.24,2710.18,0.43359375,219,303,BLAa,BLA,20,left,0
220,221,3,6561.14,5957.4,2709.02,0.37890625,220,303,BLAa,BLA,20,left,0
221,222,3,6559.78,5957.72,2708.44,0.54296875,221,303,BLAa,BLA,20,left,0
222,223,3,6558.92,5958.5,2703.94,0.37890625,222,303,BLAa,BLA,20,left,0
223,224,3,6558.26,5958.32,2703.06,0.5703125,223,303,BLAa,BLA,20,left,0
224,225,3,6557.0,5958.58,2700.22,0.0078125,224,303,BLAa,BLA,20,left,0
225,226,3,6555.86,5958.84,2697.1,0.43359375,225,303,BLAa,BLA,20,left,0
226,227,3,6554.4,5958.6,2696.38,0.5703125,226,303,BLAa,BLA,20,left,0
227,228,3,6553.56,5957.78,2694.52,0.4609375,227,303,BLAa,BLA,20,left,0
228,229,3,6553.1,5956.26,2691.94,0.48828125,228,303,BLAa,BLA,20,left,0
229,230,3,6552.82,5955.54,2689.86,0.6484375,229,303,BLAa,BLA,20,left,0
230,231,3,6552.38,5955.46,2687.8,0.32421875,230,303,BLAa,BLA,20,left,0
231,232,3,6551.08,5956.22,2686.86,0.1640625,231,303,BLAa,BLA,20,left,0
232,233,3,6550.34,5958.36,2685.18,0.32421875,232,303,BLAa,BLA,20,left,0
233,234,3,6549.3,5960.18,2683.76,0.32421875,233,303,BLAa,BLA,20,left,0
234,235,3,6547.7,5961.88,2683.24,0.37890625,234,303,BLAa,BLA,20,left,0
235,236,3,6545.52,5963.94,2682.94,0.54296875,235,303,BLAa,BLA,20,left,0
236,237,3,6544.64,5965.42,2682.82,0.54296875,236,303,BLAa,BLA,20,left,0
237,238,3,6542.96,5966.6,2682.42,0.48828125,237,303,BLAa,BLA,20,left,0
238,239,3,6541.84,5967.66,2681.64,0.54296875,238,303,BLAa,BLA,20,left,0
239,240,3,6540.24,5969.14,2681.22,0.19140625,239,303,BLAa,BLA,20,left,0
240,241,3,6536.94,5971.34,2680.84,0.37890625,240,303,BLAa,BLA,20,left,0
241,242,3,6535.48,5971.72,2681.9,0.40625,241,303,BLAa,BLA,20,left,0
242,243,3,6533.26,5970.94,2683.7,0.296875,242,303,BLAa,BLA,20,left,0
243,244,3,6531.64,5969.22,2684.16,0.3515625,243,303,BLAa,BLA,20,left,0
244,245,3,6532.16,5966.14,2684.72,0.00390625,244,303,BLAa,BLA,20,left,0
245,246,3,6533.56,5965.5,2684.9,0.32421875,245,303,BLAa,BLA,20,left,1
246,247,3,6569.02,5946.88,2714.24,0.00390625,86,303,BLAa,BLA,21,left,0
247,248,3,6567.68,5948.64,2711.08,0.00390625,247,303,BLAa,BLA,21,left,0
248,249,3,6566.98,5949.76,2709.06,0.296875,248,303,BLAa,BLA,21,left,0
249,250,3,6565.92,5950.26,2706.18,0.32421875,249,303,BLAa,BLA,21,left,0
250,251,3,6565.08,5950.68,2703.72,0.296875,250,303,BLAa,BLA,21,left,0
251,252,3,6563.98,5951.72,2701.94,0.89453125,251,303,BLAa,BLA,21,left,0
252,253,3,6562.48,5953.62,2700.18,0.54296875,252,303,BLAa,BLA,21,left,0
253,254,3,6561.44,5954.26,2698.7,0.73046875,253,303,BLAa,BLA,21,left,0
254,255,3,6560.14,5956.28,2695.18,0.48828125,254,303,BLAa,BLA,21,left,0
255,256,3,6558.36,5957.96,2693.9,0.40625,255,303,BLAa,BLA,21,left,0
256,257,3,6558.08,5960.14,2692.98,0.59765625,256,303,BLAa,BLA,21,left,0
257,258,3,6556.88,5961.26,2692.06,0.32421875,257,303,BLAa,BLA,21,left,0
258,259,3,6555.68,5961.88,2690.5,0.4609375,258,303,BLAa,BLA,21,left,0
259,260,3,6554.14,5962.86,2688.38,0.7578125,259,303,BLAa,BLA,21,left,0
260,261,3,6553.8,5964.26,2686.16,0.54296875,260,303,BLAa,BLA,21,left,0
261,262,3,6553.56,5965.28,2683.48,0.62109375,261,303,BLAa,BLA,21,left,0
262,263,3,6552.78,5965.42,2682.58,0.48828125,262,303,BLAa,BLA,21,left,0
263,264,3,6552.7,5967.58,2680.62,0.0078125,263,303,BLAa,BLA,21,left,0
264,265,3,6552.76,5970.16,2678.82,0.6484375,264,303,BLAa,BLA,21,left,0
265,266,3,6551.92,5971.08,2676.92,0.3515625,265,303,BLAa,BLA,21,left,0
266,267,3,6551.46,5972.38,2674.2,0.54296875,266,303,BLAa,BLA,21,left,0
267,268,3,6550.52,5973.08,2671.7,0.6484375,267,303,BLAa,BLA,21,left,0
268,269,3,6549.76,5974.08,2669.62,0.67578125,268,303,BLAa,BLA,21,left,0
269,270,3,6549.16,5975.32,2664.78,0.6484375,269,303,BLAa,BLA,21,left,0
270,271,3,6549.16,5976.2,2663.26,0.59765625,270,303,BLAa,BLA,21,left,0
271,272,3,6549.46,5978.9,2661.92,0.2421875,271,303,BLAa,BLA,21,left,0
272,273,3,6549.88,5982.6,2660.22,0.19140625,272,303,BLAa,BLA,21,left,0
273,274,3,6550.14,5985.16,2658.7,0.73046875,273,303,BLAa,BLA,21,left,0
274,275,3,6550.62,5988.9,2655.98,0.515625,274,303,BLAa,BLA,21,left,0
275,276,3,6551.4,5990.22,2654.12,0.26953125,275,303,BLAa,BLA,21,left,0
276,277,3,6552.72,5990.62,2654.12,0.015625,276,303,BLAa,BLA,21,left,1
412,413,3,6556.6,5923.3,2735.92,0.0234375,177,303,BLAa,BLA,26,left,0
413,414,3,6555.92,5917.78,2737.02,0.62109375,413,303,BLAa,BLA,26,left,0
414,415,3,6555.54,5915.32,2736.68,0.4609375,414,303,BLAa,BLA,26,left,0
415,416,3,6555.06,5912.52,2735.88,0.921875,415,303,BLAa,BLA,26,left,0
416,417,3,6554.6,5910.52,2734.0,0.01171875,416,303,BLAa,BLA,26,left,0
417,418,3,6554.08,5908.76,2733.36,0.4609375,417,303,BLAa,BLA,26,left,0
418,419,3,6552.18,5906.44,2732.42,0.921875,418,303,BLAa,BLA,26,left,0
419,420,3,6550.44,5905.52,2731.12,0.7578125,419,303,BLAa,BLA,26,left,0
420,421,3,6547.66,5904.6,2730.66,0.703125,420,303,BLAa,BLA,26,left,0
421,422,3,6545.0,5904.5,2730.52,0.59765625,421,303,BLAa,BLA,26,left,0
422,423,3,6542.58,5903.1,2730.64,0.01171875,422,303,BLAa,BLA,26,left,0
423,424,3,6540.18,5901.22,2730.84,0.5703125,423,303,BLAa,BLA,26,left,0
424,425,3,6538.4,5898.96,2731.14,0.4609375,424,303,BLAa,BLA,26,left,0
425,426,3,6536.6,5896.66,2731.46,0.5703125,425,303,BLAa,BLA,26,left,0
426,427,3,6535.16,5895.66,2731.56,0.59765625,426,303,BLAa,BLA,26,left,0
427,428,3,6534.16,5893.28,2731.46,0.62109375,427,303,BLAa,BLA,26,left,0
428,429,3,6533.36,5890.92,2730.96,0.7578125,428,303,BLAa,BLA,26,left,0
429,430,3,6532.1,5889.54,2729.94,0.515625,429,303,BLAa,BLA,26,left,0
430,431,3,6530.36,5888.62,2727.84,0.48828125,430,303,BLAa,BLA,26,left,0
431,432,3,6527.44,5886.92,2727.8,0.0078125,431,303,BLAa,BLA,26,left,0
432,433,3,6525.76,5884.7,2728.28,0.32421875,432,544,CEAc,CEA,26,left,0
433,434,3,6524.32,5883.96,2728.7,0.32421875,433,544,CEAc,CEA,26,left,0
434,435,3,6521.76,5883.38,2729.06,0.32421875,434,544,CEAc,CEA,26,left,0
435,436,3,6520.18,5883.32,2729.5,0.2421875,435,544,CEAc,CEA,26,left,0
436,437,3,6518.58,5883.28,2730.0,0.515625,436,544,CEAc,CEA,26,left,0
437,438,3,6516.6,5883.78,2730.1,0.3515625,437,544,CEAc,CEA,26,left,0
438,439,3,6514.3,5884.8,2729.04,0.26953125,438,544,CEAc,CEA,26,left,0
439,440,3,6512.8,5885.64,2727.28,0.3515625,439,544,CEAc,CEA,26,left,0
440,441,3,6510.72,5887.04,2724.6,0.4609375,440,579,ec,ec,26,left,0
441,442,3,6508.52,5887.72,2722.5,0.40625,441,579,ec,ec,26,left,0
442,443,3,6507.42,5887.84,2721.6,0.40625,442,579,ec,ec,26,left,1
443,444,3,6556.94,5924.1,2738.02,0.015625,177,303,BLAa,BLA,27,left,0
444,445,3,6557.1,5923.3,2740.96,0.6484375,444,303,BLAa,BLA,27,left,0
445,446,3,6557.3,5923.94,2742.02,0.6484375,445,303,BLAa,BLA,27,left,0
446,447,3,6557.78,5924.22,2746.2,0.00390625,446,303,BLAa,BLA,27,left,0
447,448,3,6558.54,5924.26,2747.78,0.5703125,447,303,BLAa,BLA,27,left,0
448,449,3,6559.32,5923.74,2752.26,0.6484375,448,303,BLAa,BLA,27,left,0
449,450,3,6559.56,5923.78,2754.58,0.5703125,449,303,BLAa,BLA,27,left,0
450,451,3,6559.78,5924.08,2756.48,0.6484375,450,544,CEAc,CEA,27,left,0
451,452,3,6558.86,5924.18,2757.02,0.07421875,451,544,CEAc,CEA,27,left,0
452,453,3,6558.84,5923.86,2758.58,0.6484375,452,544,CEAc,CEA,27,left,0
453,454,3,6559.06,5923.34,2761.82,0.6484375,453,544,CEAc,CEA,27,left,0
454,455,3,6559.36,5924.14,2763.74,0.4609375,454,544,CEAc,CEA,27,left,0
455,456,3,6560.34,5924.76,2765.18,0.3515625,455,544,CEAc,CEA,27,left,0
456,457,3,6561.52,5925.02,2765.6,0.54296875,456,544,CEAc,CEA,27,left,0
457,458,3,6562.24,5926.76,2766.82,0.48828125,457,544,CEAc,CEA,27,left,0
458,459,3,6562.32,5928.38,2769.08,0.4609375,458,544,CEAc,CEA,27,left,0
459,460,3,6562.0,5929.86,2770.18,0.62109375,459,544,CEAc,CEA,27,left,0
460,461,3,6562.38,5931.6,2772.44,0.43359375,460,544,CEAc,CEA,27,left,0
461,462,3,6562.64,5932.16,2774.36,0.296875,461,544,CEAc,CEA,27,left,1
462,463,3,6556.4,5957.14,2721.32,0.0078125,179,303,BLAa,BLA,28,left,0
463,464,3,6556.16,5958.92,2721.74,0.703125,463,303,BLAa,BLA,28,left,0
464,465,3,6556.58,5961.46,2722.26,0.32421875,464,303,BLAa,BLA,28,left,0
465,466,3,6556.82,5964.82,2723.86,0.83984375,465,303,BLAa,BLA,28,left,0
466,467,3,6556.54,5966.32,2725.12,0.6484375,466,303,BLAa,BLA,28,left,0
467,468,3,6557.0,5956.44,2721.4,0.015625,179,303,BLAa,BLA,29,left,0
468,469,3,6557.96,5957.68,2721.04,0.6484375,468,303,BLAa,BLA,29,left,0
469,470,3,6558.12,5958.48,2719.66,0.515625,469,303,BLAa,BLA,29,left,0
470,471,3,6558.16,5960.56,2716.64,0.515625,470,303,BLAa,BLA,29,left,0
471,472,3,6558.26,5962.18,2715.02,0.2421875,471,303,BLAa,BLA,29,left,0
472,473,3,6558.12,5962.96,2712.16,0.6484375,472,303,BLAa,BLA,29,left,0
473,474,3,6558.04,5963.1,2711.06,0.6484375,473,303,BLAa,BLA,29,left,0
474,475,3,6556.88,5963.7,2709.62,0.015625,474,303,BLAa,BLA,29,left,0
475,476,3,6555.6,5965.08,2708.18,0.48828125,475,303,BLAa,BLA,29,left,0
476,477,3,6553.14,5966.28,2707.38,0.37890625,476,303,BLAa,BLA,29,left,0
477,478,3,6550.28,5967.7,2707.08,0.62109375,477,303,BLAa,BLA,29,left,0
478,479,3,6549.18,5968.96,2707.42,0.515625,478,303,BLAa,BLA,29,left,0
479,480,3,6547.72,5971.42,2707.54,0.40625,479,303,BLAa,BLA,29,left,0
480,481,3,6546.54,5973.52,2707.12,0.59765625,480,303,BLAa,BLA,29,left,0
481,482,3,6545.36,5975.94,2706.0,0.54296875,481,303,BLAa,BLA,29,left,0
482,483,3,6544.34,5978.72,2704.76,0.48828125,482,303,BLAa,BLA,29,left,0
483,484,3,6543.74,5980.42,2703.58,0.5703125,483,303,BLAa,BLA,29,left,0
484,485,3,6543.42,5982.68,2701.68,0.3515625,484,303,BLAa,BLA,29,left,0
485,486,3,6542.5,5983.28,2701.2,0.5703125,485,303,BLAa,BLA,29,left,1
486,487,3,6542.54,5947.4,2731.7,0.01171875,187,303,BLAa,BLA,30,left,0
487,488,3,6541.72,5948.4,2732.84,0.54296875,487,303,BLAa,BLA,30,left,0
488,489,3,6540.5,5949.3,2733.7,0.73046875,488,303,BLAa,BLA,30,left,0
489,490,3,6538.48,5949.74,2734.24,0.67578125,489,303,BLAa,BLA,30,left,0
490,491,3,6536.5,5949.76,2734.12,0.6484375,490,303,BLAa,BLA,30,left,0
491,492,3,6543.0,5945.4,2731.28,0.0078125,187,303,BLAa,BLA,31,left,0
492,493,3,6542.16,5942.18,2730.58,0.54296875,492,303,BLAa,BLA,31,left,0
493,494,3,6540.98,5940.48,2729.24,0.6484375,493,303,BLAa,BLA,31,left,0
494,495,3,6540.42,5938.5,2728.14,0.703125,494,303,BLAa,BLA,31,left,0
495,496,3,6539.88,5935.54,2727.06,0.4609375,495,303,BLAa,BLA,31,left,0
496,497,3,6539.4,5932.78,2726.18,0.62109375,496,303,BLAa,BLA,31,left,0
497,498,3,6538.94,5929.86,2725.8,0.73046875,497,303,BLAa,BLA,31,left,0
498,499,3,6538.58,5927.82,2725.16,0.703125,498,303,BLAa,BLA,31,left,0
499,500,3,6538.0,5923.82,2725.26,0.296875,499,303,BLAa,BLA,31,left,0
500,501,3,6537.66,5921.4,2725.4,0.62109375,500,303,BLAa,BLA,31,left,0
501,502,3,6537.06,5916.92,2726.06,0.703125,501,303,BLAa,BLA,31,left,0
502,503,3,6536.76,5914.24,2726.94,0.78515625,502,303,BLAa,BLA,31,left,0
503,504,3,6535.68,5911.42,2727.66,0.703125,503,303,BLAa,BLA,31,left,0
504,505,3,6534.36,5910.46,2728.16,0.43359375,504,303,BLAa,BLA,31,left,0
505,506,3,6533.92,5908.12,2729.76,0.48828125,505,303,BLAa,BLA,31,left,0
506,507,3,6533.74,5905.48,2731.86,0.4609375,506,303,BLAa,BLA,31,left,0
507,508,3,6533.52,5902.82,2733.6,0.515625,507,579,ec,ec,31,left,0
508,509,3,6532.66,5900.26,2735.64,0.89453125,508,544,CEAc,CEA,31,left,0
509,510,3,6531.34,5898.32,2736.98,0.54296875,509,544,CEAc,CEA,31,left,0
510,511,3,6530.74,5896.0,2738.42,0.01953125,510,544,CEAc,CEA,31,left,0
511,512,3,6529.46,5893.72,2739.66,0.40625,511,544,CEAc,CEA,31,left,0
512,513,3,6528.28,5891.82,2741.24,0.6484375,512,544,CEAc,CEA,31,left,0
513,514,3,6528.12,5889.54,2742.94,0.59765625,513,544,CEAc,CEA,31,left,0
514,515,3,6527.76,5885.92,2744.5,0.515625,514,544,CEAc,CEA,31,left,0
515,516,3,6527.12,5880.5,2745.78,0.6484375,515,544,CEAc,CEA,31,left,0
516,517,3,6527.08,5878.74,2746.08,0.62109375,516,544,CEAc,CEA,31,left,0
517,518,3,6528.2,5876.7,2746.52,0.59765625,517,544,CEAc,CEA,31,left,0
518,519,3,6528.56,5874.14,2747.26,0.62109375,518,544,CEAc,CEA,31,left,0
519,520,3,6574.16,5903.86,2715.74,0.0234375,190,303,BLAa,BLA,32,left,0
520,521,3,6574.8,5902.0,2715.48,0.48828125,520,303,BLAa,BLA,32,left,0
521,522,3,6575.78,5901.54,2714.7,0.703125,521,303,BLAa,BLA,32,left,0
522,523,3,6575.72,5899.94,2714.62,0.7578125,522,303,BLAa,BLA,32,left,0
523,524,3,6574.16,5903.86,2715.74,0.0234375,190,303,BLAa,BLA,33,left,0
524,525,3,6572.52,5901.1,2716.62,0.40625,524,303,BLAa,BLA,33,left,0
525,526,3,6570.74,5899.38,2717.66,0.921875,525,303,BLAa,BLA,33,left,0
526,527,3,6573.94,5909.18,2689.18,0.00390625,202,303,BLAa,BLA,34,left,0
527,528,3,6575.62,5909.5,2688.46,0.62109375,527,303,BLAa,BLA,34,left,0
528,529,3,6577.64,5909.6,2687.1,0.59765625,528,303,BLAa,BLA,34,left,0
529,530,3,6579.88,5909.48,2685.76,0.5703125,529,303,BLAa,BLA,34,left,0
530,531,3,6581.18,5909.14,2684.5,0.73046875,530,303,BLAa,BLA,34,left,0
531,532,3,6583.18,5908.72,2683.78,0.48828125,531,303,BLAa,BLA,34,left,0
532,533,3,6584.66,5908.46,2682.66,0.5703125,532,303,BLAa,BLA,34,left,0
533,534,3,6585.82,5908.56,2681.3,0.48828125,533,303,BLAa,BLA,34,left,0
534,535,3,6587.12,5908.76,2680.42,0.26953125,534,303,BLAa,BLA,34,left,0
535,536,3,6587.26,5910.14,2677.84,0.515625,535,303,BLAa,BLA,34,left,0
536,537,3,6587.16,5910.66,2675.88,0.6484375,536,303,BLAa,BLA,34,left,0
537,538,3,6589.34,5911.56,2673.78,0.00390625,537,303,BLAa,BLA,34,left,0
538,539,3,6590.72,5912.3,2671.52,0.54296875,538,303,BLAa,BLA,34,left,0
539,540,3,6591.58,5912.62,2670.44,0.515625,539,303,BLAa,BLA,34,left,0
540,541,3,6593.5,5912.66,2669.56,0.43359375,540,303,BLAa,BLA,34,left,0
541,542,3,6594.96,5912.72,2668.6,0.5703125,541,303,BLAa,BLA,34,left,0
542,543,3,6595.96,5912.48,2667.6,0.43359375,542,303,BLAa,BLA,34,left,0
543,544,3,6597.52,5910.8,2667.0,0.67578125,543,303,BLAa,BLA,34,left,0
544,545,3,6598.32,5909.58,2666.48,0.5703125,544,303,BLAa,BLA,34,left,1
545,546,3,6572.8,5909.06,2688.0,0.21484375,202,303,BLAa,BLA,35,left,0
546,547,3,6572.06,5907.88,2686.08,0.54296875,546,303,BLAa,BLA,35,left,0
547,548,3,6571.66,5906.46,2684.16,0.26953125,547,303,BLAa,BLA,35,left,0
548,549,3,6571.78,5906.2,2681.94,0.59765625,548,303,BLAa,BLA,35,left,0
549,550,3,6572.8,5905.04,2680.78,0.3515625,549,303,BLAa,BLA,35,left,0
550,551,3,6573.98,5903.02,2679.34,0.26953125,550,303,BLAa,BLA,35,left,0
551,552,3,6574.82,5902.34,2678.12,0.48828125,551,303,BLAa,BLA,35,left,0
552,553,3,6574.64,5901.04,2676.56,0.73046875,552,303,BLAa,BLA,35,left,0
553,554,3,6574.3,5899.82,2674.8,0.5703125,553,303,BLAa,BLA,35,left,0
554,555,3,6574.12,5899.64,2673.04,0.54296875,554,303,BLAa,BLA,35,left,0
555,556,3,6573.56,5898.3,2670.94,0.48828125,555,303,BLAa,BLA,35,left,0
556,557,3,6572.72,5897.5,2670.46,0.54296875,556,303,BLAa,BLA,35,left,0
557,558,3,6573.36,5897.24,2669.28,0.03125,557,303,BLAa,BLA,35,left,0
558,559,3,6572.94,5895.66,2666.58,0.515625,558,303,BLAa,BLA,35,left,0
559,560,3,6572.34,5894.5,2663.72,0.48828125,559,303,BLAa,BLA,35,left,0
560,561,3,6571.54,5894.88,2661.96,0.48828125,560,303,BLAa,BLA,35,left,1
561,562,3,6578.24,5945.68,2723.54,0.0078125,203,303,BLAa,BLA,36,left,0
562,563,3,6579.96,5946.36,2724.2,0.7578125,562,303,BLAa,BLA,36,left,0
563,564,3,6576.94,5947.96,2719.94,0.01953125,203,303,BLAa,BLA,37,left,0
564,565,3,6578.86,5949.24,2718.96,0.8671875,564,303,BLAa,BLA,37,left,0
565,566,3,6580.24,5949.92,2717.54,0.59765625,565,303,BLAa,BLA,37,left,0
566,567,3,6580.94,5950.24,2715.02,0.921875,566,303,BLAa,BLA,37,left,0
567,568,3,6582.96,5950.22,2714.72,0.05078125,567,303,BLAa,BLA,37,left,0
568,569,3,6585.08,5950.16,2713.48,0.78515625,568,303,BLAa,BLA,37,left,0
569,570,3,6586.26,5949.92,2712.0,0.43359375,569,303,BLAa,BLA,37,left,0
570,571,3,6587.46,5949.32,2711.18,0.6484375,570,303,BLAa,BLA,37,left,0
571,572,3,6588.84,5947.9,2710.44,0.8125,571,303,BLAa,BLA,37,left,0
572,573,3,6589.08,5946.56,2708.98,0.8671875,572,303,BLAa,BLA,37,left,0
573,574,3,6590.52,5946.24,2708.56,1.02734375,573,303,BLAa,BLA,37,left,0
574,575,3,6575.32,5959.9,2735.7,0.5703125,213,303,BLAa,BLA,38,left,0
575,576,3,6575.7,5961.66,2737.04,0.59765625,575,303,BLAa,BLA,38,left,0
576,577,3,6575.94,5963.22,2738.56,0.3515625,576,303,BLAa,BLA,38,left,0
577,578,3,6575.48,5964.5,2739.14,0.26953125,577,303,BLAa,BLA,38,left,0
578,579,3,6575.46,5967.7,2739.92,0.37890625,578,303,BLAa,BLA,38,left,0
579,580,3,6575.12,5969.78,2740.72,0.4609375,579,303,BLAa,BLA,38,left,0
580,581,3,6575.58,5973.46,2741.78,0.54296875,580,303,BLAa,BLA,38,left,0
581,582,3,6575.24,5975.02,2742.72,0.515625,581,303,BLAa,BLA,38,left,0
582,583,3,6575.3,5977.1,2744.06,0.4609375,582,303,BLAa,BLA,38,left,0
583,584,3,6574.38,5978.1,2744.08,0.01953125,583,303,BLAa,BLA,38,left,0
584,585,3,6574.26,5979.54,2745.58,0.5703125,584,303,BLAa,BLA,38,left,0
585,586,3,6573.06,5980.5,2745.88,0.43359375,585,303,BLAa,BLA,38,left,0
586,587,3,6573.0,5982.66,2746.34,0.59765625,586,303,BLAa,BLA,38,left,0
587,588,3,6573.38,5984.34,2747.88,0.32421875,587,303,BLAa,BLA,38,left,0
588,589,3,6573.94,5987.5,2748.76,0.62109375,588,303,BLAa,BLA,38,left,0
589,590,3,6572.62,5989.54,2748.9,0.00390625,589,303,BLAa,BLA,38,left,0
590,591,3,6572.56,5992.18,2749.16,0.43359375,590,303,BLAa,BLA,38,left,0
591,592,3,6573.52,5994.0,2749.72,0.515625,591,303,BLAa,BLA,38,left,1
592,593,3,6574.12,5961.34,2734.5,0.37890625,213,303,BLAa,BLA,39,left,0
593,594,3,6573.5,5963.26,2735.68,0.62109375,593,303,BLAa,BLA,39,left,0
594,595,3,6572.66,5965.48,2736.46,0.703125,594,303,BLAa,BLA,39,left,0
595,596,3,6572.3,5968.04,2736.62,0.515625,595,303,BLAa,BLA,39,left,0
596,597,3,6571.96,5969.38,2737.72,0.2421875,596,303,BLAa,BLA,39,left,0
597,598,3,6570.78,5970.28,2738.26,0.37890625,597,303,BLAa,BLA,39,left,0
598,599,3,6570.78,5972.4,2738.74,0.6484375,598,303,BLAa,BLA,39,left,0
599,600,3,6571.4,5976.46,2738.94,0.54296875,599,303,BLAa,BLA,39,left,0
600,601,3,6571.8,5978.94,2739.18,0.62109375,600,303,BLAa,BLA,39,left,0
601,602,3,6571.38,5981.84,2739.36,0.00390625,601,303,BLAa,BLA,39,left,0
602,603,3,6570.52,5983.28,2739.88,0.26953125,602,303,BLAa,BLA,39,left,0
603,604,3,6570.64,5985.08,2740.82,0.26953125,603,303,BLAa,BLA,39,left,0
604,605,3,6571.08,5988.04,2740.78,0.54296875,604,303,BLAa,BLA,39,left,0
605,606,3,6571.64,5991.56,2741.0,0.54296875,605,303,BLAa,BLA,39,left,0
606,607,3,6572.04,5993.88,2741.76,0.48828125,606,303,BLAa,BLA,39,left,0
607,608,3,6572.26,5995.18,2742.96,0.4609375,607,303,BLAa,BLA,39,left,0
608,609,3,6571.62,5996.28,2743.58,0.32421875,608,303,BLAa,BLA,39,left,0
609,610,3,6570.9,5998.26,2744.24,0.32421875,609,303,BLAa,BLA,39,left,0
610,611,3,6570.08,5999.16,2744.96,0.37890625,610,303,BLAa,BLA,39,left,0
611,612,3,6569.4,6002.12,2746.3,0.62109375,611,303,BLAa,BLA,39,left,0
612,613,3,6569.16,6006.34,2747.08,0.40625,612,303,BLAa,BLA,39,left,0
613,614,3,6568.18,6007.94,2747.3,0.40625,613,303,BLAa,BLA,39,left,1
828,829,3,6555.2,5969.16,2725.08,0.83984375,467,303,BLAa,BLA,46,left,0
829,830,3,6556.76,5969.28,2723.38,0.00390625,467,303,BLAa,BLA,47,left,0
830,831,3,6557.1,5972.86,2721.24,0.83984375,830,303,BLAa,BLA,47,left,0
831,832,3,6557.32,5975.22,2719.78,0.26953125,831,303,BLAa,BLA,47,left,0
832,833,3,6557.24,5978.92,2718.28,0.62109375,832,303,BLAa,BLA,47,left,0
833,834,3,6556.76,5981.48,2717.4,0.296875,833,303,BLAa,BLA,47,left,0
834,835,3,6555.38,5983.36,2716.4,0.19140625,834,303,BLAa,BLA,47,left,0
835,836,3,6553.5,5986.14,2715.64,0.3515625,835,303,BLAa,BLA,47,left,0
836,837,3,6551.3,5988.62,2714.08,0.5703125,836,303,BLAa,BLA,47,left,0
837,838,3,6549.9,5990.34,2713.02,0.4609375,837,303,BLAa,BLA,47,left,0
838,839,3,6548.68,5992.38,2711.16,0.32421875,838,303,BLAa,BLA,47,left,0
839,840,3,6547.46,5993.56,2709.68,0.37890625,839,303,BLAa,BLA,47,left,0
840,841,3,6547.06,5994.96,2707.62,0.515625,840,303,BLAa,BLA,47,left,0
841,842,3,6547.22,5996.98,2706.02,0.32421875,841,303,BLAa,BLA,47,left,0
842,843,3,6546.62,5998.9,2704.82,0.40625,842,303,BLAa,BLA,47,left,0
843,844,3,6545.64,6000.48,2703.44,0.4609375,843,303,BLAa,BLA,47,left,0
844,845,3,6545.66,6003.22,2702.56,0.32421875,844,303,BLAa,BLA,47,left,0
845,846,3,6545.36,6005.16,2702.2,0.43359375,845,303,BLAa,BLA,47,left,0
846,847,3,6543.88,6006.58,2701.86,0.48828125,846,303,BLAa,BLA,47,left,0
847,848,3,6543.24,6008.88,2701.64,0.1640625,847,303,BLAa,BLA,47,left,0
848,849,3,6542.54,6010.26,2702.02,0.3515625,848,303,BLAa,BLA,47,left,0
849,850,3,6542.66,6012.7,2702.18,0.40625,849,303,BLAa,BLA,47,left,0
850,851,3,6543.1,6015.28,2703.1,0.5703125,850,303,BLAa,BLA,47,left,0
851,852,3,6542.52,6015.8,2703.9,0.43359375,851,303,BLAa,BLA,47,left,1
852,853,3,6535.92,5949.96,2736.54,0.0078125,491,303,BLAa,BLA,48,left,0
853,854,3,6534.0,5950.16,2737.44,0.43359375,853,303,BLAa,BLA,48,left,0
854,855,3,6532.68,5950.96,2738.22,0.3515625,854,303,BLAa,BLA,48,left,0
855,856,3,6531.9,5952.16,2739.0,0.21484375,855,303,BLAa,BLA,48,left,0
856,857,3,6530.74,5953.22,2739.78,0.48828125,856,303,BLAa,BLA,48,left,0
857,858,3,6528.8,5954.4,2740.86,0.32421875,857,303,BLAa,BLA,48,left,0
858,859,3,6528.72,5954.94,2742.38,0.59765625,858,303,BLAa,BLA,48,left,0
859,860,3,6528.08,5956.52,2744.12,0.32421875,859,303,BLAa,BLA,48,left,0
860,861,3,6526.4,5956.8,2745.12,0.3515625,860,303,BLAa,BLA,48,left,0
861,862,3,6524.9,5956.76,2745.7,0.48828125,861,303,BLAa,BLA,48,left,0
862,863,3,6524.68,5957.48,2747.48,0.00390625,862,303,BLAa,BLA,48,left,0
863,864,3,6523.38,5958.0,2748.42,0.515625,863,303,BLAa,BLA,48,left,0
864,865,3,6522.52,5958.66,2749.7,0.32421875,864,303,BLAa,BLA,48,left,0
865,866,3,6520.68,5958.44,2750.36,0.43359375,865,303,BLAa,BLA,48,left,1
866,867,3,6533.74,5950.44,2732.24,0.00390625,491,303,BLAa,BLA,49,left,0
867,868,3,6531.62,5951.06,2730.82,0.703125,867,303,BLAa,BLA,49,left,0
868,869,3,6530.88,5952.22,2729.58,0.296875,868,303,BLAa,BLA,49,left,0
869,870,3,6529.8,5954.26,2728.5,0.1640625,869,303,BLAa,BLA,49,left,0
870,871,3,6528.12,5955.56,2728.12,0.4609375,870,303,BLAa,BLA,49,left,0
871,872,3,6526.4,5956.6,2727.84,0.3515625,871,303,BLAa,BLA,49,left,0
872,873,3,6524.56,5957.24,2727.64,0.3515625,872,303,BLAa,BLA,49,left,0
873,874,3,6523.04,5957.72,2727.46,0.32421875,873,303,BLAa,BLA,49,left,0
874,875,3,6521.44,5959.12,2727.14,0.4609375,874,303,BLAa,BLA,49,left,0
875,876,3,6519.68,5960.64,2726.76,0.48828125,875,303,BLAa,BLA,49,left,0
876,877,3,6519.52,5962.24,2726.28,0.5703125,876,303,BLAa,BLA,49,left,0
877,878,3,6518.18,5962.72,2727.46,0.00390625,877,303,BLAa,BLA,49,left,0
878,879,3,6517.66,5965.1,2727.84,0.32421875,878,303,BLAa,BLA,49,left,0
879,880,3,6516.74,5967.42,2727.74,0.32421875,879,303,BLAa,BLA,49,left,0
880,881,3,6515.56,5968.6,2727.74,0.296875,880,303,BLAa,BLA,49,left,0
881,882,3,6513.42,5968.8,2727.64,0.37890625,881,303,BLAa,BLA,49,left,1
882,883,3,6527.9,5869.82,2749.58,0.296875,519,544,CEAc,CEA,50,left,0
883,884,3,6526.76,5867.24,2750.46,0.59765625,883,544,CEAc,CEA,50,left,0
884,885,3,6525.56,5865.06,2751.14,0.62109375,884,544,CEAc,CEA,50,left,0
885,886,3,6525.16,5862.94,2751.74,0.40625,885,544,CEAc,CEA,50,left,0
886,887,3,6524.02,5860.16,2752.1,0.4609375,886,544,CEAc,CEA,50,left,0
887,888,3,6523.36,5857.72,2752.0,0.59765625,887,544,CEAc,CEA,50,left,0
888,889,3,6522.1,5855.38,2752.16,0.21484375,888,544,CEAc,CEA,50,left,0
889,890,3,6521.24,5853.24,2752.28,0.26953125,889,544,CEAc,CEA,50,left,0
890,891,3,6519.64,5852.32,2752.46,0.32421875,890,544,CEAc,CEA,50,left,1
891,892,3,6528.44,5872.22,2748.76,0.00390625,519,544,CEAc,CEA,51,left,0
892,893,3,6528.38,5870.86,2751.72,0.4609375,892,544,CEAc,CEA,51,left,0
893,894,3,6527.06,5869.62,2753.42,0.48828125,893,544,CEAc,CEA,51,left,0
894,895,3,6525.68,5868.52,2755.14,0.296875,894,544,CEAc,CEA,51,left,0
895,896,3,6524.92,5868.72,2756.76,0.37890625,895,544,CEAc,CEA,51,left,0
896,897,3,6524.0,5869.68,2757.68,0.3515625,896,544,CEAc,CEA,51,left,0
897,898,3,6522.9,5869.92,2758.72,0.40625,897,544,CEAc,CEA,51,left,0
898,899,3,6521.12,5869.04,2760.08,0.40625,898,544,CEAc,CEA,51,left,0
899,900,3,6519.76,5867.3,2761.22,0.32421875,899,544,CEAc,CEA,51,left,0
900,901,3,6518.06,5865.82,2762.98,0.54296875,900,544,CEAc,CEA,51,left,0
901,902,3,6517.04,5865.1,2764.88,0.4609375,901,544,CEAc,CEA,51,left,0
902,903,3,6516.0,5864.66,2766.88,0.37890625,902,544,CEAc,CEA,51,left,1
903,904,3,6576.9,5898.02,2714.32,0.0078125,523,303,BLAa,BLA,52,left,0
904,905,3,6577.32,5894.0,2715.26,0.62109375,904,303,BLAa,BLA,52,left,0
905,906,3,6578.26,5892.0,2715.8,0.40625,905,303,BLAa,BLA,52,left,0
906,907,3,6578.96,5889.2,2716.34,0.54296875,906,303,BLAa,BLA,52,left,0
907,908,3,6580.6,5886.9,2716.84,0.5703125,907,303,BLAa,BLA,52,left,0
908,909,3,6582.08,5884.66,2717.28,0.5703125,908,303,BLAa,BLA,52,left,0
909,910,3,6582.88,5882.82,2717.02,0.7578125,909,303,BLAa,BLA,52,left,0
910,911,3,6584.18,5882.68,2716.28,0.8125,910,303,BLAa,BLA,52,left,0
911,912,3,6585.86,5879.62,2715.82,0.00390625,911,303,BLAa,BLA,52,left,0
912,913,3,6586.34,5877.34,2715.28,0.515625,912,303,BLAa,BLA,52,left,0
913,914,3,6588.26,5875.58,2714.72,0.40625,913,303,BLAa,BLA,52,left,0
914,915,3,6589.6,5873.72,2713.96,0.5703125,914,303,BLAa,BLA,52,left,0
915,916,3,6590.26,5871.82,2713.18,0.40625,915,303,BLAa,BLA,52,left,0
916,917,3,6592.1,5870.3,2712.72,0.37890625,916,303,BLAa,BLA,52,left,0
917,918,3,6592.24,5869.48,2711.78,0.54296875,917,303,BLAa,BLA,52,left,0
918,919,3,6592.94,5867.76,2710.3,0.5703125,918,303,BLAa,BLA,52,left,0
919,920,3,6592.86,5864.84,2709.22,0.43359375,919,303,BLAa,BLA,52,left,0
920,921,3,6593.84,5863.72,2708.66,0.40625,920,303,BLAa,BLA,52,left,0
921,922,3,6595.52,5862.88,2708.12,0.48828125,921,303,BLAa,BLA,52,left,0
922,923,3,6596.26,5861.44,2707.16,0.48828125,922,303,BLAa,BLA,52,left,0
923,924,3,6596.08,5859.08,2705.82,0.40625,923,303,BLAa,BLA,52,left,0
924,925,3,6597.02,5857.56,2704.86,0.515625,924,303,BLAa,BLA,52,left,0
925,926,3,6597.54,5855.5,2703.74,0.48828125,925,303,BLAa,BLA,52,left,0
926,927,3,6598.88,5854.82,2702.8,0.32421875,926,303,BLAa,BLA,52,left,0
927,928,3,6599.82,5853.96,2701.4,0.0078125,927,303,BLAa,BLA,52,left,0
928,929,3,6600.94,5852.6,2700.68,0.6484375,928,303,BLAa,BLA,52,left,0
929,930,3,6601.16,5850.66,2700.36,0.4609375,929,303,BLAa,BLA,52,left,0
930,931,3,6602.46,5849.58,2700.24,0.19140625,930,303,BLAa,BLA,52,left,0
931,932,3,6602.52,5847.48,2699.94,0.32421875,931,303,BLAa,BLA,52,left,0
932,933,3,6602.42,5845.5,2698.96,0.515625,932,303,BLAa,BLA,52,left,0
933,934,3,6603.56,5844.28,2698.06,0.21484375,933,303,BLAa,BLA,52,left,0
934,935,3,6604.8,5842.72,2696.32,0.32421875,934,303,BLAa,BLA,52,left,0
935,936,3,6606.0,5841.28,2695.58,0.43359375,935,303,BLAa,BLA,52,left,0
936,937,3,6607.46,5839.98,2695.02,0.48828125,936,303,BLAa,BLA,52,left,1
937,938,3,6576.3,5897.82,2713.32,0.0078125,523,303,BLAa,BLA,53,left,0
938,939,3,6575.84,5894.52,2712.38,0.21484375,938,303,BLAa,BLA,53,left,0
939,940,3,6575.44,5891.2,2711.96,0.67578125,939,303,BLAa,BLA,53,left,0
940,941,3,6575.82,5889.46,2711.02,0.37890625,940,303,BLAa,BLA,53,left,0
941,942,3,6575.52,5886.46,2709.58,0.6484375,941,303,BLAa,BLA,53,left,0
942,943,3,6575.34,5885.92,2708.6,0.59765625,942,303,BLAa,BLA,53,left,0
943,944,3,6575.36,5884.26,2707.48,0.0078125,943,303,BLAa,BLA,53,left,0
944,945,3,6576.64,5883.7,2706.84,0.62109375,944,303,BLAa,BLA,53,left,0
945,946,3,6577.48,5883.04,2705.54,0.32421875,945,303,BLAa,BLA,53,left,0
946,947,3,6578.66,5882.06,2704.92,0.6484375,946,303,BLAa,BLA,53,left,0
947,948,3,6578.66,5881.26,2702.86,0.515625,947,303,BLAa,BLA,53,left,0
948,949,3,6579.2,5880.42,2701.9,0.73046875,948,303,BLAa,BLA,53,left,0
949,950,3,6579.98,5879.78,2699.86,0.21484375,949,303,BLAa,BLA,53,left,0
950,951,3,6580.18,5879.12,2697.34,0.48828125,950,303,BLAa,BLA,53,left,0
951,952,3,6581.04,5878.82,2697.06,0.37890625,951,303,BLAa,BLA,53,left,0
952,953,3,6581.54,5877.96,2695.84,0.00390625,952,303,BLAa,BLA,53,left,0
953,954,3,6581.64,5877.1,2693.98,0.4609375,953,303,BLAa,BLA,53,left,0
954,955,3,6581.44,5876.86,2692.34,0.48828125,954,303,BLAa,BLA,53,left,0
955,956,3,6581.32,5875.92,2690.86,0.59765625,955,303,BLAa,BLA,53,left,0
956,957,3,6581.98,5874.8,2689.76,0.37890625,956,303,BLAa,BLA,53,left,0
957,958,3,6582.58,5874.26,2687.84,0.7578125,957,303,BLAa,BLA,53,left,0
958,959,3,6582.82,5872.6,2686.6,0.43359375,958,303,BLAa,BLA,53,left,0
959,960,3,6583.24,5871.32,2685.64,0.32421875,959,303,BLAa,BLA,53,left,0
960,961,3,6583.54,5869.18,2683.44,0.62109375,960,303,BLAa,BLA,53,left,0
961,962,3,6584.16,5867.2,2682.72,0.5703125,961,303,BLAa,BLA,53,left,0
962,963,3,6584.32,5865.38,2681.48,0.03125,962,303,BLAa,BLA,53,left,0
963,964,3,6583.66,5862.12,2679.32,0.5703125,963,303,BLAa,BLA,53,left,0
964,965,3,6583.18,5859.94,2677.52,0.21484375,964,303,BLAa,BLA,53,left,0
965,966,3,6582.82,5858.36,2676.06,0.48828125,965,303,BLAa,BLA,53,left,1
966,967,3,6570.24,5897.32,2718.06,0.04296875,526,303,BLAa,BLA,54,left,0
967,968,3,6570.62,5895.68,2717.74,0.40625,967,303,BLAa,BLA,54,left,0
968,969,3,6570.52,5893.12,2717.22,0.54296875,968,303,BLAa,BLA,54,left,0
969,970,3,6570.12,5890.8,2716.6,0.2421875,969,303,BLAa,BLA,54,left,0
970,971,3,6569.68,5888.28,2715.88,0.37890625,970,303,BLAa,BLA,54,left,0
971,972,3,6569.36,5886.54,2715.1,0.4609375,971,303,BLAa,BLA,54,left,0
972,973,3,6568.8,5884.12,2714.34,0.43359375,972,303,BLAa,BLA,54,left,0
973,974,3,6567.46,5882.76,2713.64,0.515625,973,303,BLAa,BLA,54,left,0
974,975,3,6565.9,5879.76,2712.44,0.37890625,974,303,BLAa,BLA,54,left,0
975,976,3,6565.16,5877.24,2712.44,0.40625,975,303,BLAa,BLA,54,left,0
976,977,3,6564.2,5875.18,2712.68,0.26953125,976,303,BLAa,BLA,54,left,0
977,978,3,6562.74,5871.52,2711.9,0.73046875,977,303,BLAa,BLA,54,left,0
978,979,3,6562.04,5869.44,2710.9,0.48828125,978,303,BLAa,BLA,54,left,0
979,980,3,6561.02,5866.98,2709.86,0.59765625,979,303,BLAa,BLA,54,left,0
980,981,3,6559.66,5865.94,2708.86,0.4609375,980,303,BLAa,BLA,54,left,0
981,982,3,6558.78,5864.52,2707.44,0.5703125,981,303,BLAa,BLA,54,left,0
982,983,3,6558.44,5862.94,2706.36,0.59765625,982,303,BLAa,BLA,54,left,0
983,984,3,6558.08,5860.9,2705.54,0.54296875,983,303,BLAa,BLA,54,left,0
984,985,3,6557.6,5858.6,2704.04,0.54296875,984,303,BLAa,BLA,54,left,0
985,986,3,6557.3,5856.84,2703.54,0.54296875,985,303,BLAa,BLA,54,left,0
986,987,3,6569.86,5895.92,2718.8,0.01171875,526,303,BLAa,BLA,55,left,0
987,988,3,6568.82,5894.44,2719.56,0.43359375,987,303,BLAa,BLA,55,left,0
988,989,3,6568.44,5891.96,2720.7,0.5703125,988,303,BLAa,BLA,55,left,0
989,990,3,6567.34,5889.02,2722.54,0.73046875,989,303,BLAa,BLA,55,left,0
990,991,3,6565.94,5887.26,2723.74,0.7578125,990,303,BLAa,BLA,55,left,0
991,992,3,6564.82,5885.6,2724.44,0.8125,991,303,BLAa,BLA,55,left,0
992,993,3,6563.16,5882.28,2725.04,0.00390625,992,303,BLAa,BLA,55,left,0
993,994,3,6561.4,5880.16,2725.6,0.6484375,993,303,BLAa,BLA,55,left,0
994,995,3,6559.86,5877.82,2725.92,0.5703125,994,303,BLAa,BLA,55,left,0
995,996,3,6557.7,5875.26,2726.28,0.78515625,995,303,BLAa,BLA,55,left,0
996,997,3,6555.92,5873.86,2726.68,0.5703125,996,303,BLAa,BLA,55,left,0
997,998,3,6555.14,5872.16,2727.5,0.37890625,997,303,BLAa,BLA,55,left,0
998,999,3,6554.2,5869.28,2729.12,0.32421875,998,544,CEAc,CEA,55,left,0
999,1000,3,6552.86,5867.16,2729.92,0.19140625,999,544,CEAc,CEA,55,left,0
1000,1001,3,6552.02,5864.2,2729.88,0.54296875,1000,544,CEAc,CEA,55,left,0
1001,1002,3,6551.18,5859.96,2730.14,0.43359375,1001,544,CEAc,CEA,55,left,0
1002,1003,3,6550.44,5859.42,2730.44,0.4609375,1002,544,CEAc,CEA,55,left,0
1003,1004,3,6550.24,5855.9,2730.12,0.00390625,1003,544,CEAc,CEA,55,left,0
1004,1005,3,6549.8,5847.4,2731.5,0.54296875,1004,544,CEAc,CEA,55,left,0
1005,1006,3,6549.68,5845.04,2731.48,0.26953125,1005,544,CEAc,CEA,55,left,0
1006,1007,3,6550.2,5843.4,2730.56,0.37890625,1006,544,CEAc,CEA,55,left,0
1007,1008,3,6550.94,5842.02,2729.68,0.4609375,1007,544,CEAc,CEA,55,left,0
1008,1009,3,6550.72,5839.6,2728.98,0.1640625,1008,544,CEAc,CEA,55,left,0
1009,1010,3,6550.92,5836.96,2728.96,0.54296875,1009,544,CEAc,CEA,55,left,1
1010,1011,3,6582.2,5945.74,2724.46,0.04296875,563,303,BLAa,BLA,56,left,0
1011,1012,3,6583.38,5944.8,2724.86,0.7578125,1011,303,BLAa,BLA,56,left,0
1012,1013,3,6585.28,5944.04,2725.32,0.7578125,1012,303,BLAa,BLA,56,left,0
1013,1014,3,6587.66,5942.66,2726.08,0.9765625,1013,303,BLAa,BLA,56,left,0
1014,1015,3,6589.32,5941.46,2727.04,1.1640625,1014,303,BLAa,BLA,56,left,0
1015,1016,3,6591.36,5940.0,2728.18,0.00390625,1015,303,BLAa,BLA,56,left,0
1016,1017,3,6580.42,5947.6,2726.02,0.02734375,563,303,BLAa,BLA,57,left,0
1017,1018,3,6580.94,5948.52,2730.34,0.296875,1017,303,BLAa,BLA,57,left,0
1018,1019,3,6581.04,5949.1,2731.98,0.48828125,1018,303,BLAa,BLA,57,left,0
1019,1020,3,6580.42,5950.56,2732.64,0.32421875,1019,303,BLAa,BLA,57,left,0
1020,1021,3,6580.64,5951.72,2734.16,0.515625,1020,303,BLAa,BLA,57,left,0
1021,1022,3,6578.82,5952.44,2735.2,0.00390625,1021,303,BLAa,BLA,57,left,0
1022,1023,3,6578.38,5953.18,2736.98,0.62109375,1022,303,BLAa,BLA,57,left,0
1023,1024,3,6577.2,5953.9,2737.96,0.6484375,1023,303,BLAa,BLA,57,left,0
1024,1025,3,6577.06,5954.34,2739.54,0.7578125,1024,303,BLAa,BLA,57,left,0
1025,1026,3,6577.36,5955.24,2741.32,0.0078125,1025,303,BLAa,BLA,57,left,0
1026,1027,3,6577.72,5955.7,2744.62,0.43359375,1026,303,BLAa,BLA,57,left,0
1027,1028,3,6577.52,5955.18,2746.76,0.32421875,1027,303,BLAa,BLA,57,left,0
1028,1029,3,6576.24,5955.08,2748.1,0.515625,1028,303,BLAa,BLA,57,left,0
1029,1030,3,6576.08,5955.8,2750.78,0.5703125,1029,303,BLAa,BLA,57,left,0
1030,1031,3,6576.4,5956.7,2752.72,0.26953125,1030,303,BLAa,BLA,57,left,0
1031,1032,3,6576.58,5957.14,2756.58,0.5703125,1031,303,BLAa,BLA,57,left,0
1032,1033,3,6575.32,5957.3,2758.22,0.515625,1032,303,BLAa,BLA,57,left,0
1033,1034,3,6575.0,5957.82,2759.98,0.2421875,1033,303,BLAa,BLA,57,left,0
1034,1035,3,6575.2,5957.52,2762.62,0.62109375,1034,303,BLAa,BLA,57,left,0
1035,1036,3,6575.14,5955.94,2764.58,0.54296875,1035,303,BLAa,BLA,57,left,0
1036,1037,3,6575.12,5954.2,2767.12,0.5703125,1036,303,BLAa,BLA,57,left,0
1037,1038,3,6576.1,5952.96,2769.48,0.00390625,1037,303,BLAa,BLA,57,left,0
1038,1039,3,6576.4,5952.3,2771.92,0.40625,1038,303,BLAa,BLA,57,left,1
1039,1040,3,6592.72,5946.14,2708.72,0.0859375,574,303,BLAa,BLA,58,left,0
1040,1041,3,6594.92,5946.0,2709.3,0.6484375,1040,303,BLAa,BLA,58,left,0
1041,1042,3,6597.42,5946.0,2710.52,0.54296875,1041,303,BLAa,BLA,58,left,0
1042,1043,3,6599.32,5947.0,2710.94,0.48828125,1042,303,BLAa,BLA,58,left,0
1043,1044,3,6601.14,5949.4,2710.92,0.1640625,1043,303,BLAa,BLA,58,left,0
1044,1045,3,6603.14,5951.72,2710.7,0.54296875,1044,303,BLAa,BLA,58,left,0
1045,1046,3,6605.64,5953.36,2710.52,0.54296875,1045,303,BLAa,BLA,58,left,0
1046,1047,3,6607.54,5954.48,2710.16,0.5703125,1046,303,BLAa,BLA,58,left,0
1047,1048,3,6610.22,5954.66,2709.88,0.37890625,1047,303,BLAa,BLA,58,left,0
1048,1049,3,6611.86,5954.08,2710.08,0.4609375,1048,303,BLAa,BLA,58,left,0
1049,1050,3,6614.06,5953.54,2710.32,0.32421875,1049,303,BLAa,BLA,58,left,1
1050,1051,3,6590.52,5944.24,2707.6,0.01953125,574,303,BLAa,BLA,59,left,0
1051,1052,3,6590.9,5941.7,2706.92,0.4609375,1051,303,BLAa,BLA,59,left,0
1052,1053,3,6591.78,5940.1,2706.62,0.3515625,1052,303,BLAa,BLA,59,left,0
1053,1054,3,6592.06,5937.72,2706.38,0.67578125,1053,303,BLAa,BLA,59,left,0
1054,1055,3,6592.92,5935.92,2706.1,0.48828125,1054,303,BLAa,BLA,59,left,0
1055,1056,3,6593.76,5933.12,2705.16,0.4609375,1055,303,BLAa,BLA,59,left,0
1056,1057,3,6594.76,5931.26,2704.3,0.48828125,1056,303,BLAa,BLA,59,left,0
1057,1058,3,6595.48,5929.2,2703.6,0.48828125,1057,303,BLAa,BLA,59,left,0
1058,1059,3,6597.16,5927.5,2703.12,0.32421875,1058,303,BLAa,BLA,59,left,0
1059,1060,3,6599.86,5926.56,2703.0,0.54296875,1059,303,BLAa,BLA,59,left,0
1060,1061,3,6600.98,5925.9,2702.36,0.6484375,1060,303,BLAa,BLA,59,left,0
1061,1062,3,6602.44,5924.8,2701.84,0.6484375,1061,303,BLAa,BLA,59,left,0
1062,1063,3,6602.54,5923.74,2701.08,0.59765625,1062,303,BLAa,BLA,59,left,0
1063,1064,3,6603.62,5921.6,2700.18,0.19140625,1063,303,BLAa,BLA,59,left,0
1064,1065,3,6604.14,5919.4,2698.98,0.48828125,1064,303,BLAa,BLA,59,left,0
1065,1066,3,6605.28,5917.6,2698.36,0.37890625,1065,303,BLAa,BLA,59,left,0
1066,1067,3,6605.38,5915.02,2697.22,0.43359375,1066,303,BLAa,BLA,59,left,0
1067,1068,3,6605.12,5912.88,2696.44,0.7578125,1067,303,BLAa,BLA,59,left,0
1068,1069,3,6605.72,5910.7,2696.7,0.5703125,1068,303,BLAa,BLA,59,left,0
1069,1070,3,6605.98,5908.32,2696.98,0.515625,1069,303,BLAa,BLA,59,left,0
1070,1071,3,6606.96,5907.32,2696.36,0.26953125,1070,303,BLAa,BLA,59,left,0
1071,1072,3,6607.6,5906.28,2697.68,0.00390625,1071,303,BLAa,BLA,59,left,0
1072,1073,3,6608.08,5903.66,2698.46,0.40625,1072,303,BLAa,BLA,59,left,0
1073,1074,3,6608.94,5900.96,2699.0,0.43359375,1073,303,BLAa,BLA,59,left,0
1074,1075,3,6608.86,5897.88,2699.7,0.62109375,1074,303,BLAa,BLA,59,left,0
1075,1076,3,6609.52,5895.58,2700.8,0.19140625,1075,303,BLAa,BLA,59,left,0
1076,1077,3,6611.5,5893.54,2701.62,0.37890625,1076,303,BLAa,BLA,59,left,0
1077,1078,3,6612.94,5891.76,2702.02,0.40625,1077,303,BLAa,BLA,59,left,0
1078,1079,3,6614.16,5889.1,2702.38,0.4609375,1078,303,BLAa,BLA,59,left,0
1079,1080,3,6614.78,5887.48,2702.58,0.4609375,1079,303,BLAa,BLA,59,left,0
1080,1081,3,6615.36,5884.34,2703.08,0.00390625,1080,303,BLAa,BLA,59,left,0
1081,1082,3,6616.62,5882.7,2703.18,0.43359375,1081,303,BLAa,BLA,59,left,0
1082,1083,3,6616.5,5880.34,2702.74,0.5703125,1082,303,BLAa,BLA,59,left,0
1083,1084,3,6616.02,5877.12,2702.74,0.48828125,1083,303,BLAa,BLA,59,left,0
1084,1085,3,6615.72,5875.38,2702.2,0.515625,1084,303,BLAa,BLA,59,left,1
1446,1447,3,6556.28,5972.1,2726.4,0.00390625,829,303,BLAa,BLA,68,left,0
1447,1448,3,6556.84,5974.76,2727.52,0.62109375,1447,303,BLAa,BLA,68,left,0
1448,1449,3,6557.24,5977.26,2727.84,0.48828125,1448,303,BLAa,BLA,68,left,0
1449,1450,3,6557.6,5979.08,2728.68,0.59765625,1449,303,BLAa,BLA,68,left,0
1450,1451,3,6557.9,5981.46,2729.82,0.40625,1450,303,BLAa,BLA,68,left,0
1451,1452,3,6557.1,5982.88,2730.98,0.62109375,1451,303,BLAa,BLA,68,left,0
1452,1453,3,6553.84,5970.44,2724.84,0.046875,829,303,BLAa,BLA,69,left,0
1453,1454,3,6551.78,5972.24,2724.04,0.78515625,1453,303,BLAa,BLA,69,left,0
1454,1455,3,6550.5,5974.04,2723.28,0.32421875,1454,303,BLAa,BLA,69,left,0
1455,1456,3,6549.04,5976.62,2722.2,0.40625,1455,303,BLAa,BLA,69,left,0
1456,1457,3,6547.72,5978.4,2720.68,0.62109375,1456,303,BLAa,BLA,69,left,0
1457,1458,3,6546.26,5979.52,2719.82,0.32421875,1457,303,BLAa,BLA,69,left,0
1458,1459,3,6545.96,5982.86,2719.22,0.40625,1458,303,BLAa,BLA,69,left,0
1459,1460,3,6545.16,5985.46,2718.74,0.78515625,1459,303,BLAa,BLA,69,left,0
1460,1461,3,6544.62,5986.92,2718.46,0.78515625,1460,303,BLAa,BLA,69,left,0
1461,1462,3,6544.54,5989.1,2718.1,0.0078125,1461,303,BLAa,BLA,69,left,0
1462,1463,3,6543.16,5990.28,2717.8,0.48828125,1462,303,BLAa,BLA,69,left,0
1463,1464,3,6541.1,5991.5,2717.48,0.32421875,1463,303,BLAa,BLA,69,left,0
1464,1465,3,6539.6,5992.74,2717.3,0.4609375,1464,303,BLAa,BLA,69,left,0
1465,1466,3,6538.82,5994.54,2717.9,0.54296875,1465,303,BLAa,BLA,69,left,0
1466,1467,3,6536.96,5995.68,2718.1,0.73046875,1466,303,BLAa,BLA,69,left,0
1467,1468,3,6535.36,5996.84,2718.46,0.515625,1467,303,BLAa,BLA,69,left,0
1468,1469,3,6534.06,5998.58,2718.78,0.21484375,1468,303,BLAa,BLA,69,left,0
1469,1470,3,6532.74,6001.24,2718.8,0.73046875,1469,303,BLAa,BLA,69,left,0
1470,1471,3,6531.8,6003.12,2718.8,0.6484375,1470,303,BLAa,BLA,69,left,0
1471,1472,3,6532.1,6006.04,2718.96,0.54296875,1471,303,BLAa,BLA,69,left,0
1472,1473,3,6532.26,6008.24,2719.06,0.4609375,1472,303,BLAa,BLA,69,left,0
1473,1474,3,6530.68,6009.84,2718.44,0.4609375,1473,303,BLAa,BLA,69,left,0
1474,1475,3,6529.68,6011.7,2717.44,0.43359375,1474,303,BLAa,BLA,69,left,0
1475,1476,3,6528.8,6013.62,2716.84,0.43359375,1475,303,BLAa,BLA,69,left,0
1476,1477,3,6528.94,6015.62,2716.52,0.40625,1476,303,BLAa,BLA,69,left,1
1477,1478,3,6558.24,5853.76,2703.52,0.00390625,986,303,BLAa,BLA,70,left,0
1478,1479,3,6558.74,5851.32,2702.62,0.40625,1478,303,BLAa,BLA,70,left,0
1479,1480,3,6560.06,5849.0,2702.6,0.3515625,1479,303,BLAa,BLA,70,left,0
1480,1481,3,6560.8,5847.2,2702.74,0.19140625,1480,303,BLAa,BLA,70,left,0
1481,1482,3,6562.24,5845.84,2703.04,0.40625,1481,303,BLAa,BLA,70,left,0
1482,1483,3,6564.6,5845.36,2703.3,0.26953125,1482,303,BLAa,BLA,70,left,0
1483,1484,3,6565.64,5845.56,2703.56,0.37890625,1483,303,BLAa,BLA,70,left,1
1484,1485,3,6554.68,5854.02,2702.48,0.515625,986,303,BLAa,BLA,71,left,0
1485,1486,3,6553.04,5851.94,2702.1,0.67578125,1485,303,BLAa,BLA,71,left,0
1486,1487,3,6551.2,5847.74,2701.8,0.37890625,1486,303,BLAa,BLA,71,left,0
1487,1488,3,6549.94,5845.26,2702.32,0.48828125,1487,303,BLAa,BLA,71,left,0
1488,1489,3,6547.22,5841.32,2703.8,0.4609375,1488,579,ec,ec,71,left,0
1489,1490,3,6546.04,5839.12,2704.06,0.40625,1489,579,ec,ec,71,left,0
1490,1491,3,6545.48,5836.54,2703.34,0.19140625,1490,579,ec,ec,71,left,0
1491,1492,3,6545.1,5833.98,2703.24,0.3515625,1491,579,ec,ec,71,left,0
1492,1493,3,6544.42,5830.14,2701.78,0.54296875,1492,579,ec,ec,71,left,0
1493,1494,3,6543.92,5828.36,2700.62,0.48828125,1493,579,ec,ec,71,left,0
1494,1495,3,6542.84,5827.84,2700.42,0.48828125,1494,579,ec,ec,71,left,0
1495,1496,3,6543.7,5826.9,2699.9,0.02734375,1495,579,ec,ec,71,left,0
1496,1497,3,6543.28,5823.68,2699.52,0.48828125,1496,579,ec,ec,71,left,0
1497,1498,3,6542.84,5820.54,2699.28,0.48828125,1497,579,ec,ec,71,left,0
1498,1499,3,6543.06,5818.24,2699.78,0.40625,1498,579,ec,ec,71,left,1
1499,1500,3,6591.96,5940.14,2726.44,0.703125,1016,303,BLAa,BLA,72,left,0
1500,1501,3,6593.88,5940.04,2726.2,0.703125,1500,303,BLAa,BLA,72,left,0
1501,1502,3,6595.48,5939.6,2725.9,0.5703125,1501,303,BLAa,BLA,72,left,0
1502,1503,3,6596.02,5939.34,2724.48,0.54296875,1502,303,BLAa,BLA,72,left,0
1503,1504,3,6598.1,5939.32,2723.34,0.8125,1503,303,BLAa,BLA,72,left,0
1504,1505,3,6599.46,5939.42,2722.14,0.78515625,1504,303,BLAa,BLA,72,left,0
1505,1506,3,6599.74,5938.3,2720.72,0.54296875,1505,303,BLAa,BLA,72,left,0
1506,1507,3,6599.74,5936.6,2719.68,0.8671875,1506,303,BLAa,BLA,72,left,0
1507,1508,3,6601.16,5936.22,2719.36,0.40625,1507,303,BLAa,BLA,72,left,0
1508,1509,3,6592.76,5939.88,2728.4,0.515625,1016,303,BLAa,BLA,73,left,0
1509,1510,3,6594.74,5939.86,2730.2,0.32421875,1509,303,BLAa,BLA,73,left,0
1510,1511,3,6596.38,5940.22,2732.36,0.54296875,1510,303,BLAa,BLA,73,left,0
1511,1512,3,6597.38,5940.14,2733.66,0.5703125,1511,303,BLAa,BLA,73,left,0
1512,1513,3,6598.26,5939.58,2738.26,0.5703125,1512,303,BLAa,BLA,73,left,0
1513,1514,3,6599.08,5939.18,2740.32,0.37890625,1513,303,BLAa,BLA,73,left,0
1514,1515,3,6599.28,5937.96,2742.42,0.5703125,1514,303,BLAa,BLA,73,left,0
1515,1516,3,6598.28,5937.58,2742.86,0.4609375,1515,303,BLAa,BLA,73,left,0
1516,1517,3,6601.16,5937.12,2743.36,0.0078125,1516,303,BLAa,BLA,73,left,0
1517,1518,3,6601.58,5936.02,2744.88,0.5703125,1517,303,BLAa,BLA,73,left,0
1518,1519,3,6601.54,5934.04,2747.56,0.32421875,1518,303,BLAa,BLA,73,left,0
1519,1520,3,6601.46,5932.4,2749.2,0.40625,1519,303,BLAa,BLA,73,left,0
1520,1521,3,6601.34,5931.16,2751.18,0.37890625,1520,303,BLAa,BLA,73,left,0
1521,1522,3,6600.2,5930.36,2751.9,0.6484375,1521,303,BLAa,BLA,73,left,0
1522,1523,3,6599.32,5930.2,2753.68,0.62109375,1522,303,BLAa,BLA,73,left,0
1523,1524,3,6599.56,5930.58,2755.8,0.296875,1523,303,BLAa,BLA,73,left,0
1524,1525,3,6599.72,5930.12,2757.48,0.54296875,1524,303,BLAa,BLA,73,left,0
1525,1526,3,6600.4,5929.58,2757.66,0.48828125,1525,303,BLAa,BLA,73,left,0
1526,1527,3,6600.82,5928.78,2760.18,0.0078125,1526,303,BLAa,BLA,73,left,0
1527,1528,3,6601.92,5928.48,2762.14,0.37890625,1527,303,BLAa,BLA,73,left,0
1528,1529,3,6603.56,5928.26,2763.66,0.32421875,1528,303,BLAa,BLA,73,left,1
1820,1821,3,6557.74,5984.4,2732.62,0.0078125,1452,303,BLAa,BLA,80,left,0
1821,1822,3,6559.12,5987.02,2733.02,0.5703125,1821,303,BLAa,BLA,80,left,0
1822,1823,3,6560.4,5989.54,2733.56,0.296875,1822,303,BLAa,BLA,80,left,0
1823,1824,3,6561.82,5990.56,2734.02,0.32421875,1823,303,BLAa,BLA,80,left,0
1824,1825,3,6562.46,5993.32,2734.58,0.26953125,1824,303,BLAa,BLA,80,left,0
1825,1826,3,6563.0,5995.92,2736.16,0.43359375,1825,303,BLAa,BLA,80,left,0
1826,1827,3,6563.64,5997.16,2737.76,0.6484375,1826,303,BLAa,BLA,80,left,0
1827,1828,3,6565.02,5998.68,2738.34,0.67578125,1827,303,BLAa,BLA,80,left,0
1828,1829,3,6566.2,6001.2,2738.36,0.4609375,1828,303,BLAa,BLA,80,left,0
1829,1830,3,6566.92,6004.2,2738.56,0.67578125,1829,303,BLAa,BLA,80,left,0
1830,1831,3,6568.46,6005.66,2739.0,0.62109375,1830,303,BLAa,BLA,80,left,0
1831,1832,3,6569.58,6008.18,2739.62,0.54296875,1831,303,BLAa,BLA,80,left,0
1832,1833,3,6569.94,6010.24,2740.32,0.43359375,1832,303,BLAa,BLA,80,left,0
1833,1834,3,6570.48,6013.88,2740.12,0.67578125,1833,303,BLAa,BLA,80,left,0
1834,1835,3,6570.7,6016.96,2740.28,0.40625,1834,303,BLAa,BLA,80,left,0
1835,1836,3,6569.72,6018.12,2741.46,0.40625,1835,303,BLAa,BLA,80,left,0
1836,1837,3,6572.1,6018.3,2741.68,0.04296875,1836,303,BLAa,BLA,80,left,0
1837,1838,3,6573.4,6018.62,2741.3,0.59765625,1837,303,BLAa,BLA,80,left,0
1838,1839,3,6573.84,6021.4,2740.3,0.40625,1838,303,BLAa,BLA,80,left,0
1839,1840,3,6574.14,6023.26,2740.46,0.5703125,1839,303,BLAa,BLA,80,left,0
1840,1841,3,6575.74,6025.12,2740.54,0.37890625,1840,303,BLAa,BLA,80,left,0
1841,1842,3,6578.34,6026.44,2740.86,0.37890625,1841,303,BLAa,BLA,80,left,0
1842,1843,3,6579.38,6028.22,2741.34,0.40625,1842,303,BLAa,BLA,80,left,1
1843,1844,3,6558.48,5983.8,2731.5,0.03515625,1452,303,BLAa,BLA,81,left,0
1844,1845,3,6559.5,5985.24,2733.64,0.54296875,1844,303,BLAa,BLA,81,left,0
1845,1846,3,6561.0,5984.86,2735.66,0.4609375,1845,303,BLAa,BLA,81,left,0
1846,1847,3,6562.2,5983.94,2737.96,0.26953125,1846,303,BLAa,BLA,81,left,0
1847,1848,3,6563.58,5983.96,2739.2,0.48828125,1847,303,BLAa,BLA,81,left,0
1848,1849,3,6564.22,5983.92,2741.36,0.0078125,1848,303,BLAa,BLA,81,left,0
1849,1850,3,6566.36,5984.22,2743.04,0.4609375,1849,303,BLAa,BLA,81,left,0
1850,1851,3,6567.46,5984.82,2744.34,0.5703125,1850,303,BLAa,BLA,81,left,0
1851,1852,3,6568.08,5984.76,2746.7,0.8125,1851,303,BLAa,BLA,81,left,0
1852,1853,3,6568.88,5985.12,2747.58,0.43359375,1852,303,BLAa,BLA,81,left,0
1853,1854,3,6569.38,5986.82,2748.56,0.515625,1853,303,BLAa,BLA,81,left,0
1854,1855,3,6569.88,5989.1,2750.34,0.26953125,1854,303,BLAa,BLA,81,left,0
1855,1856,3,6569.74,5990.42,2751.9,0.2421875,1855,303,BLAa,BLA,81,left,0
1856,1857,3,6568.94,5991.88,2752.82,0.40625,1856,303,BLAa,BLA,81,left,0
1857,1858,3,6568.76,5994.12,2754.28,0.59765625,1857,303,BLAa,BLA,81,left,0
1858,1859,3,6569.04,5995.52,2754.94,0.515625,1858,303,BLAa,BLA,81,left,1
1859,1860,3,6602.18,5937.1,2720.94,0.00390625,1508,303,BLAa,BLA,82,left,0
1860,1861,3,6604.52,5937.04,2721.64,0.48828125,1860,303,BLAa,BLA,82,left,0
1861,1862,3,6606.56,5936.38,2722.34,0.40625,1861,303,BLAa,BLA,82,left,0
1862,1863,3,6608.52,5936.0,2723.08,0.3515625,1862,303,BLAa,BLA,82,left,0
1863,1864,3,6611.02,5935.5,2723.82,0.37890625,1863,303,BLAa,BLA,82,left,0
1864,1865,3,6613.04,5934.82,2724.2,0.32421875,1864,303,BLAa,BLA,82,left,1
1865,1866,3,6601.28,5935.84,2716.96,0.01171875,1508,303,BLAa,BLA,83,left,0
1866,1867,3,6601.12,5934.72,2715.58,0.6484375,1866,303,BLAa,BLA,83,left,0
1867,1868,3,6602.5,5933.48,2714.38,0.5703125,1867,303,BLAa,BLA,83,left,0
1868,1869,3,6603.98,5931.86,2712.82,0.48828125,1868,303,BLAa,BLA,83,left,0
1869,1870,3,6604.74,5930.8,2711.64,0.6484375,1869,303,BLAa,BLA,83,left,0
1870,1871,3,6606.2,5929.84,2711.36,0.48828125,1870,303,BLAa,BLA,83,left,0
1871,1872,3,6606.38,5929.04,2710.32,0.6484375,1871,303,BLAa,BLA,83,left,0
1872,1873,3,6607.04,5927.02,2709.2,0.00390625,1872,303,BLAa,BLA,83,left,0
1873,1874,3,6608.0,5926.18,2708.26,0.7578125,1873,303,BLAa,BLA,83,left,0
1874,1875,3,6609.5,5925.1,2707.6,0.5703125,1874,303,BLAa,BLA,83,left,0
1875,1876,3,6610.7,5923.74,2706.88,0.40625,1875,303,BLAa,BLA,83,left,0
1876,1877,3,6611.78,5920.46,2708.64,0.00390625,1876,303,BLAa,BLA,83,left,0
1877,1878,3,6612.96,5917.12,2709.68,0.37890625,1877,303,BLAa,BLA,83,left,1
